{"stats":{"minecraft:used":{"minecraft:redstone":1,"minecraft:birch_sign":2,"minecraft:stone_button":1,"minecraft:sandstone":8,"minecraft:command_block":7,"minecraft:glow_ink_sac":1},"minecraft:custom":{"minecraft:jump":48,"minecraft:time_since_rest":9134,"minecraft:crouch_one_cm":504,"minecraft:leave_game":3,"minecraft:play_time":9134,"minecraft:sprint_one_cm":2867,"minecraft:time_since_death":9134,"minecraft:walk_one_cm":12059,"minecraft:sneak_time":279,"minecraft:total_world_time":177183,"minecraft:fly_one_cm":442080}},"DataVersion":2860}